Weight_kg,Length_cm,count
2.8229347116430903,25.743199129488573,919
648.5283018867924,258.60377358490564,53
